MARCA,ELEMENTOS TEXTUAIS,ELEMENTOS NÃO-TEXTUAIS,DATA,LINK,REDE,SEGMENTO
PETROBRAS,"Estamos sempre em movimento e em constante evolução. 2019 foi o ano da guinada em direção a uma companhia ainda mais forte e mais eficiente. Veja os principais acontecimentos desse ano, que foi marcado pelo início de uma transformação para nos tornarmos uma empresa ainda melhor.",VIDEO,27/12/19,https://twitter.com/petrobras/status/1210536944494616577,TWITTER,ENERGIA
PETROBRAS,"Final de ano é hora de expectativas renovadas e planos para o futuro. As crianças pensam longe e sonham alto. E a gente quer dar mais asas à imaginação, contribuindo com a #NossaEnergia para transformar realidades desde cedo.",VIDEO,23/12/19,https://twitter.com/petrobras/status/1209131282904616967,TWITTER,ENERGIA
PETROBRAS,"Ter o talento reconhecido por inovações que serão um legado para a indústria de petróleo e gás não tem preço. Recebemos, em 2019, o Prêmio OTC Brasil por tecnologias pioneiras que desenvolvemos no bloco de Libra, no pré-sal da bacia de Santos. Relembre conosco!",LINK COM FOTO,23/12/19,https://twitter.com/petrobras/status/1209098711739117568,TWITTER,ENERGIA
PETROBRAS,"Em 2019, contribuímos para a limpeza das praias atingidas pelo derramamento de óleo com uma megaoperação. Reviva a história de Luiz Henrique Ramos, que reforça nosso compromisso com o respeito à vida, às pessoas e ao meio ambiente.",LINK COM FOTO,20/12/19,https://twitter.com/petrobras/status/1208041693595029506,TWITTER,ENERGIA
PETROBRAS,"O mundo nano, invisível a olho nu, é tema da nossa série Aceleração da Inovação. Desta vez, falamos sobre como materiais da espessura de um átomo, como o #grafeno, estão revolucionando a forma como trabalhamos. Confira: https://petrobr.as/nanotec-t",IMAGEM FIXA,20/12/19,https://twitter.com/petrobras/status/1208020244993851394,TWITTER,ENERGIA
PETROBRAS,"O mundo está em constante transformação e nosso negócio precisa acompanhar esse movimento.
Conheça os novos caminhos que estamos trilhando.",VIDEO,19/12/19,https://twitter.com/petrobras/status/1207785932084121600,TWITTER,ENERGIA
PETROBRAS,"Assinamos parceria com o @cprm_oficial e com a @ANPgovbr para o financiamento de projetos de Pesquisa, Desenvolvimento e Inovação (PD&I). ""A pesquisa geológica é prioritária para a companhia"", reforçou nosso presidente, Roberto Castello Branco.",LINK COM FOTO,18/12/19,https://twitter.com/petrobras/status/1207383818178424832,TWITTER,ENERGIA
PETROBRAS,Inteligência artificial. Robótica. Supercomputadores. Realidade virtual. As inovações tecnológicas estão revolucionando a forma como trabalhamos e nos tornando ainda melhores para você.,LINK COM VIDEO,18/12/19,https://twitter.com/petrobras/status/1207361209218916353,TWITTER,ENERGIA
PETROBRAS,"Em 2019, colocamos em operação quatro plataformas no pré-sal: P-67, P-68, P-76 e P-77. Diariamente, elas vêm contribuindo para a quebra de novos recordes de produção. Reveja o vídeo que mostra um momento emocionante do início das operações da P-68:",LINK COM FOTO,18/12/19,https://twitter.com/petrobras/status/1207255837951037440,TWITTER,ENERGIA
PETROBRAS,"Ao longo da Semana Petrobras em Compliance, especialistas do setor acadêmico e empresarial estiveram em nossa sede para trocar experiências sobre o combate à corrupção e conhecer nossos esforços para fortalecer a cultura de integridade na companhia. Saiba mais:
",LINK COM FOTO,17/12/19,https://twitter.com/petrobras/status/1207049779936681985,TWITTER,ENERGIA
PETROBRAS,"Transformar o próprio futuro e ter reconhecimento internacional. Para @anamarcela92, maratonista aquática, e Isaquias Queiroz, canoísta, dedicação, treino e energia são fundamentais para a conquista desses objetivos. Leia mais: https://petrobr.as/energia-para-chegar-la-tw … #TimePetrobras #NossaEnergia
",VIDEO ,17/12/19,https://twitter.com/petrobras/status/1206617900779479046,TWITTER,ENERGIA
PETROBRAS,"Recebemos o SPE Award, prêmio concedido pela @SPE_Brazil. No total, 12 empregados da companhia receberam reconhecimento em três categorias de premiação. Leia mais sobre a nossa participação:",LINK COM FOTO,16/12/19,https://twitter.com/petrobras/status/1206592670069592066,TWITTER,ENERGIA
PETROBRAS,"Em parceria com o Projeto Tamar, estamos celebrando, neste fim de semana, os 40 milhões de tartarugas marinhas protegidas e devolvidas à natureza. Conheça a história desse projeto que patrocinamos há quase quatro décadas: https://petrobr.as/40milhoes-tamar-tw …",VIDEO SEM AUDIO,13/12/19,https://twitter.com/petrobras/status/1205552399202619399,TWITTER,ENERGIA
PETROBRAS,"Encerra-se hoje, em nossa sede, a Semana Petrobras em #Compliance. Saiba como estamos trabalhando para consolidar internamente uma cultura de ética e integridade:",LINK COM FOTO,13/12/19,https://twitter.com/petrobras/status/1205532433514401792,TWITTER,ENERGIA
PETROBRAS,"Conheça as sete empresas vencedoras do Conexões para Inovação - Módulo Startups! As soluções serão aprimoradas por mentorias técnicas, prestadas por nossos profissionais, e de negócios, pelo @sebrae, e vão acelerar a nossa jornada de inovação:",LINK COM VIDEO GIF,13/12/19,https://twitter.com/petrobras/status/1205494696073715712,TWITTER,ENERGIA
PETROBRAS,"Dando continuidade à Semana Petrobras em #Compliance, Patrícia Marques, do Conselho de Compliance da TechnipFMC, esteve em nossa sede para falar a respeito de boas práticas de ética e integridade nas empresas. Leia mais sobre o evento:",LINK COM FOTO,11/12/19,https://twitter.com/petrobras/status/1204883963354996736,TWITTER,ENERGIA
PETROBRAS,"Quer ganhar uma bolsa de pesquisa e descobrir como uma grande empresa funciona na prática? Então escute o recado que o Carlos Alexandre Gama, nosso especialista em Inovação e Transformação Digital, tem para você. #ConexõesParaInovação",VIDEO,11/12/19,https://twitter.com/petrobras/status/1204764003332960256,TWITTER,ENERGIA
PETROBRAS,"Estamos desenvolvendo diversas ações para que a cultura de integridade se torne cada vez mais presente em nosso dia a dia. Uma delas é a Semana Petrobras em Compliance, iniciativa que reúne influentes do mercado para discutir temas relacionados a #compliance, ética e governança.",IMAGEM FIXA,10/12/19,https://twitter.com/petrobras/status/1204520973241901056,TWITTER,ENERGIA
PETROBRAS,"Neste terceiro episódio da série #ConexõesParaInovação, falamos sobre as dificuldades da jornada do empreendedor e de como a parceria com grandes empresas pode ser útil para superá-las. Saiba mais:
",LINK COM FOTO,10/12/19,https://twitter.com/petrobras/status/1204515928773464066,TWITTER,ENERGIA
PETROBRAS,"A importância do combate à corrupção e avanços em nosso sistema de integridade foram os destaques da abertura do 6º Petrobras em Compliance, que contou com nosso presidente, Roberto Castello Branco. Leia mais: ",LINK COM FOTO,10/12/19,https://twitter.com/petrobras/status/1204417038388617216,TWITTER,ENERGIA
PETROBRAS,Mais uma plataforma rumo ao pré-sal! A P-70 é a próxima plataforma a entrar em operação no pré-sal e está vindo da China para o Brasil. Saiba mais sobre a jornada da P-70: https://petrobr.as/p70-tw ,VIDEO GIF,06/12/19,https://twitter.com/petrobras/status/1203029860546994178,TWITTER,ENERGIA
PETROBRAS,"Castello Branco: ""Não somos orientados por volume, e sim orientados por valor. Nosso compromisso é gerar valor para os nossos acionistas."" #PetrobrasDay ",IMAGEM FIXA,06/12/19,https://twitter.com/petrobras/status/1203016691510337537,TWITTER,ENERGIA
PETROBRAS,"Nossos diretores receberam a imprensa britânica no #PetrobrasDay Londres, onde apresentaram a estratégia da empresa para os próximos anos. ",IMAGEM FIXA,06/12/19,https://twitter.com/petrobras/status/1203003970278612992,TWITTER,ENERGIA
PETROBRAS,"Estamos hoje em Londres para apresentar nosso Plano Estratégico e visão de futuro para os investidores, analistas e jornalistas do Reino Unido. #PetrobrasDay ",IMAGEM FIXA,06/12/19,https://twitter.com/petrobras/status/1202953468367036416,TWITTER,ENERGIA
PETROBRAS,"Entre os dias 9 e 13 de dezembro, realizaremos a Semana Petrobras em Compliance. A ideia é reunir especialistas para discutir temas relacionados a compliance, governança e ética. Saiba mais sobre o evento e confira a agenda completa de atividades: https://petrobr.as/compliance_tw ",IMAGEM FIXA,05/12/19,https://twitter.com/petrobras/status/1202678516065681409,TWITTER,ENERGIA
PETROBRAS,“#PetrobrasDay”,LINK COM FOTO,05/12/19,https://twitter.com/petrobras/status/1202596734402256899,TWITTER,ENERGIA
PETROBRAS,"Nesta quarta-feira (04/12), realizamos o #PetrobrasDay na Bolsa de Nova York (@NYSE) para apresentar nossos planos para o futuro. Saiba mais sobre o evento e conheça nosso Plano Estratégico 2020-2024 em: https://petrobr.as/0412-petrobrasday …",IMAGEM FIXA,04/12/19,https://twitter.com/petrobras/status/1202329395345678336,TWITTER,ENERGIA
PETROBRAS,"Castello Branco, ao fim do evento: “Apesar de todas as nossas conquistas neste ano, gostaria de ressaltar que os melhores dias ainda estão por vir."" #PetrobrasDay",VIDEO,04/12/19,https://twitter.com/petrobras/status/1202328731198599168,TWITTER,ENERGIA
PETROBRAS,"A #TransformaçãoDigital também é pauta na apresentação do Plano Estratégico. Impulsionados por novas plataformas, estamos otimizando e automatizando processos para obter ganhos de produtividade e redução de custos. https://petrobr.as/petrobrasday  #PetrobrasDay",IMAGEM FIXA,04/12/19,https://twitter.com/petrobras/status/1202323205165322243,TWITTER,ENERGIA
PETROBRAS,9. 100% de nossas instalações com plano de ação em biodiversidade até 2025. 10. Manutenção dos investimentos em projetos socioambientais como aqueles que hoje fazem parte do Programa Petrobras Socioambiental. #PetrobrasDay,IMAGEM FIXA,04/12/19,https://twitter.com/petrobras/status/1202319631844859904,TWITTER,ENERGIA
PETROBRAS,7. Redução de 30% na captação de água doce em nossas operações com foco no aumento do reúso até 2025. 8. Crescimento zero na geração de resíduos de processo até 2025.,IMAGEM FIXA,04/12/19,https://twitter.com/petrobras/status/1202319622655086599,TWITTER,ENERGIA
PETROBRAS,5. Redução de 30%-50% na intensidade de emissões do metano no segmento de E&P até 2025. 6. Redução de 16% na intensidade de carbono no refino até 2025.,IMAGEM FIXA,04/12/19,https://twitter.com/petrobras/status/1202319612743966721,TWITTER,ENERGIA
PETROBRAS,"3. Reinjeção de ~40 MM ton CO2 até 2025 em projetos de Captura, Usos e Armazenamento de CO2. 4. Redução de 32% na intensidade de carbono no segmento de E&P até 2025.",IMAGEM FIXA,04/12/19,https://twitter.com/petrobras/status/1202319603306811393,TWITTER,ENERGIA
PETROBRAS,Nossa agenda de baixo carbono e sustentabilidade possui 10 compromissos: 1. crescimento zero das emissões absolutas operacionais até 2025. 2. Zero queima de rotina de flare até 2030.,IMAGEM FIXA,04/12/19,https://twitter.com/petrobras/status/1202319593236320256,TWITTER,ENERGIA
PETROBRAS,"A produção da Petrobras é a segunda menor em intensidade de carbono da indústria. Os investimentos em ações de descarbonização serão de US$ 100 milhões/ano e em pesquisa para reforçar a descarbonização e renováveis, de US$ 70 milhões/ano.",IMAGEM FIXA,04/12/19,https://twitter.com/petrobras/status/1202305138792292352,TWITTER,ENERGIA
PETROBRAS,"""Investiremos US$ 8 bilhões entre 2020 e 2024, sendo 74% no refino, transporte e comercialização e 26% no gás natural e energia. Estratégias: otimizar o portfólio termoelétrico, viabilizar comercialmente o diesel renovável e o BioQaV, diz Anelise. #PetrobrasDay",N,04/12/19,https://twitter.com/petrobras/status/1202303299816480770,TWITTER,ENERGIA
PETROBRAS,"Meio ambiente: ""Avançamos com uma série de ações de descarbonização em nossos processos, que envolvem redução da queima de gás natural em flare, reinjeção de CO2 e ganhos de eficiência energética."", explica Anelise. #PetrobrasDay",N,04/12/19,https://twitter.com/petrobras/status/1202303132744716288,TWITTER,ENERGIA
PETROBRAS,"""Além disso, teremos desinvestimentos na distribuição e no transporte de gás e seremos competitivos na comercialização global de petróleo"", completa Anelise. #PetrobrasDay",N,04/12/19,https://twitter.com/petrobras/status/1202302956474961925,TWITTER,ENERGIA
PETROBRAS,"Anelise Lara, Diretora de Refino e Gás Natural: ""seremos competitivos no refino, na logística e na comercialização de derivados com foco nas operações do Sudeste."" #PetrobrasDay",IMAGEM FIXA,04/12/19,https://twitter.com/petrobras/status/1202302829332979712,TWITTER,ENERGIA
PETROBRAS,"Essa trajetória de crescimento - que prevê uma produção total de 3,5 milhões de boed em 2024 - é suportada pelos novos sistemas de produção, principalmente no pré-sal, com maior rentabilidade e geração de valor, e pela estabilidade da produção da Bacia de Campos. #PetrobrasDay",N,04/12/19,https://twitter.com/petrobras/status/1202298421627019272,TWITTER,ENERGIA
PETROBRAS,"1 milhão de barris equivalentes de óleo por dia (boed) para os próximos 10 anos, com investimentos de US$ 20 bilhões: previsão para a Bacia de Campos de acordo com nosso Plano Estratégico. #PetrobrasDay",N,04/12/19,https://twitter.com/petrobras/status/1202298268769755141,TWITTER,ENERGIA
PETROBRAS,"Cenário previsto para o Campo de Búzios: quatro unidades em operação, uma plataforma com início das operações previsto para 2022 e expectativa de sete plataformas adicionais. #PetrobrasDay",N,04/12/19,https://twitter.com/petrobras/status/1202298067363487744,TWITTER,ENERGIA
PETROBRAS,"US$64 bilhões serão investidos em E&P até 2024, sendo 59% desse montante no pré-sal, destaca nosso Plano Estratégico. Saiba mais: https://petrobr.as/petrobrasday  #PETR3 #PETR4 #PetrobrasDay",LINK ,04/12/19,https://twitter.com/petrobras/status/1202297913138982918,TWITTER,ENERGIA
PETROBRAS,"Carlos Alberto: ""A curva de produção de petróleo e gás indica um crescimento contínuo: entrada em operação de 13 novos sistemas de produção no período 2020-24, todos alocados em projetos em águas profundas e ultraprofundas."" #PetrobrasDay",N,04/12/19,https://twitter.com/petrobras/status/1202297644284035078,TWITTER,ENERGIA
PETROBRAS,"Nosso Diretor de E&P, Carlos Alberto Pereira de Oliveira, completa: ""nosso objetivo é maximizar o valor do portfólio, com foco em águas profundas e ultraprofundas, buscando eficiência operacional, otimização do fator de recuperação e parcerias."" #PetrobrasDay ",VIDEO,04/12/19,https://twitter.com/petrobras/status/1202297448913391616,TWITTER,ENERGIA
PETROBRAS,"Está previsto, para o período 2020-2024, um investimento de US$75,7 bilhões, dos quais 85% serão destinados ao segmento de exploração e produção (E&P) #PETR3 #PETR4 #PetrobrasDay ",N,04/12/19,https://twitter.com/petrobras/status/1202296945626296320,TWITTER,ENERGIA
PETROBRAS,"Como premissa do Plano Estratégico, teremos um breakeven mínimo de US$50/barril nos próximos 5 anos e US$45 no longo prazo, aplicando uma governança criteriosa para a seleção e priorização de projetos. #PETR3 #PETR4 #PetrobrasDay",N,04/12/19,https://twitter.com/petrobras/status/1202296202697617408,TWITTER,ENERGIA
PETROBRAS,"""Mantemos a meta de atingir uma relação Dívida Líquida/EBITDA de 1,5x em 2020 e o patamar de US$60 bilhões de dívida bruta em 2021, aumentando, por meio da nova Política de Dividendos, os valores estimados de distribuição de dividendos"", finaliza Andrea. #PetrobrasDay",N,04/12/19,https://twitter.com/petrobras/status/1202296125920882689,TWITTER,ENERGIA
PETROBRAS,"Andrea prossegue: ""Continuamos buscando a otimização de custos, com redução de 15% das despesas corporativas em 2020 e desalavancagem por meio da geração de caixa e desinvestimentos"". #PetrobrasDay
4 respostas 17 retweets 191 curtiram
",N,04/12/19,https://twitter.com/petrobras/status/1202296041657253895,TWITTER,ENERGIA
PETROBRAS,"Em termos de gestão de portfólio, o Plano Estratégico destaca a ocorrência de desinvestimentos entre US$20-30 bilhões entre 2020 e 2024, sendo a maior parte destes nos próximos dois anos. #PetrobrasDay
1 resposta 10 retweets 214 curtiram
",N,04/12/19,https://twitter.com/petrobras/status/1202295993049460737,TWITTER,ENERGIA
PETROBRAS,"Para nossa Diretora Financeira, Andrea Almeida, a estratégia é baseada em ""maximizar o retorno aos acionistas, reduzir o endividamento e as despesas com juros, aumentar a distribuição de dividendos e manter a capacidade de investir."" #PetrobrasDay #PETR3 #PETR4 ",IMAGEM FIXA,04/12/19,https://twitter.com/petrobras/status/1202295856294236160,TWITTER,ENERGIA
PETROBRAS,"Capacidade para processar 1,1 milhão de barris por dia, ativos de classe mundial, parque de refino eficiente, retorno operacional maior que o custo de capital e avanço na produção e exploração do pré-sal. ""Esse é o futuro da companhia"", diz Castello Branco. #PetrobrasDay",IMAGEM FIXA,04/12/19,https://twitter.com/petrobras/status/1202287932368990208,TWITTER,ENERGIA
PETROBRAS,"São três as métricas principais do plano: Taxa de acidentados registráveis (TAR) abaixo de 1,0; Dívida líquida/EBITDA ajustado abaixo de 1,5x; e variação do Valor Econômico Adicionado (VAR) consolidada em US$2,6 bilhões. #PetrobrasDay",N,04/12/19,https://twitter.com/petrobras/status/1202287707881390080,TWITTER,ENERGIA
PETROBRAS,"Castello Branco finaliza: ""definido como 'Mind the Gap', o Plano visa aproximar nosso desempenho das melhores empresas globais do setor de óleo e gás."" #PETR3 #PETR4 #PetrobrasDay",IMAGEM FIXA,04/12/19,https://twitter.com/petrobras/status/1202287514037497864,TWITTER,ENERGIA
PETROBRAS,"Além da segurança e o respeito às pessoas e ao meio ambiente, são pilares estratégicos do Plano a maximização do retorno sobre o capital empregado, a redução do custo de capital, a meritocracia e a busca por baixos custos. Leia mais: https://petrobr.as/petrobrasday  #PetrobrasDay",LINK ,04/12/19,https://twitter.com/petrobras/status/1202286918672814083,TWITTER,ENERGIA
PETROBRAS,"O Plano está em consonância com nosso posicionamento estratégico, pois enfatiza o foco na exploração e na produção de petróleo e gás com segurança, respeito às pessoas e ao meio ambiente. #PetrobrasDay",N,04/12/19,https://twitter.com/petrobras/status/1202286282031947777,TWITTER,ENERGIA
PETROBRAS,"""Queremos ser a melhor empresa de energia na geração de valor para o acionista"", ressaltou nosso presidente, Roberto Castello Branco, durante a apresentação de nosso Plano Estratégico 2020-2024. #PETR3 #PETR4 #PetrobrasDay",IMAGEM FIXA,04/12/19,https://twitter.com/petrobras/status/1202278469272555521,TWITTER,ENERGIA
PETROBRAS,"Em entrevista à @Bloombergtv, Castello Branco falou sobre a visão da companhia para os anos de 2020 a 2024. #PetrobrasDay",IMAGEM FIXA,04/12/19,https://twitter.com/petrobras/status/1202272309274431488,TWITTER,ENERGIA
PETROBRAS,"A @NYSE convidou nosso presidente para uma entrevista que será publicada em formato de podcast no site da Bolsa de Valores de Nova York. Na sequência, será a vez de falar com a @BloombergBrasil a respeito de nosso Plano Estratégico. #PETR3 #PETR4 #PetrobrasDay",IMAGEM FIXA,04/12/19,https://twitter.com/petrobras/status/1202252359096819715,TWITTER,ENERGIA
PETROBRAS,Nossa diretoria na @NYSE para abrir o pregão do mais importante centro financeiro do mundo. #PetrobrasDay,VIDEO,04/12/19,https://twitter.com/petrobras/status/1202239509166993409,TWITTER,ENERGIA
PETROBRAS,O toque do sino é uma homenagem a empresas listadas na @NYSE e marca a abertura do pregão da bolsa. #PETR3 #PETR4 #PetrobrasDay,N,04/12/19,https://twitter.com/petrobras/status/1202213389973544960,TWITTER,ENERGIA
PETROBRAS,"Nosso presidente, Roberto Castello Branco, foi convidado para tocar o sino de abertura do pregão da Bolsa de Nova York (@NYSE). Acompanhe a cerimônia e a agenda do dia pela hashtag #PetrobrasDay.

",N,04/12/19,https://twitter.com/petrobras/status/1202213388375465984,TWITTER,ENERGIA
PETROBRAS,"Nossas medidas de combate à corrupção foram reconhecidas pelo Conselho de Ética do Fundo Soberano da Noruega. Com isso, voltamos a ser elegíveis para receber investimentos do fundo norueguês. É um reconhecimento à altura do nosso trabalho.",LINK COM FOTO,03/12/19,https://twitter.com/petrobras/status/1201980739027456001,TWITTER,ENERGIA
PETROBRAS,A área do pré-sal vai concentrar 85% dos nossos investimentos até 2024 e continuará sendo crítica para o futuro da Companhia e do setor de energia. Para saber mais: http://www.petrobras.com.br/fatos-e-dados/aprovamos-plano-estrategico-2020-2024.htm …,IMAGEM FIXA,03/12/19,https://twitter.com/petrobras/status/1201954160058474500,TWITTER,ENERGIA
PETROBRAS,"Amanhã, ao longo do dia, faremos a cobertura da apresentação do nosso Plano Estratégico na Bolsa de Nova York (@NYSE). Nosso CEO, Roberto Castello Branco, mostrará como vamos crescer com foco na produção de óleo e gás, em especial no pré-sal.",N,03/12/19,https://twitter.com/petrobras/status/1201954146263453704,TWITTER,ENERGIA
PETROBRAS,"Você é aluno de curso de graduação, é inovador, criativo, proativo e gosta de tecnologia e desafios?  Então a nova etapa do programa Petrobras Conexões para Inovação é para você. Saiba mais sobre ela e inscreva-se até 06/Jan:",LINK COM FOTO,02/12/19,https://twitter.com/petrobras/status/1201586533637201927,TWITTER,ENERGIA
PETROBRAS,"Nesta semana, estaremos na Bolsa de Nova York (@NYSE) para apresentar nosso Plano Estratégico. E você vai poder acompanhar tudo aqui pelo nosso perfil, com conteúdos exclusivos direto de Wall Street.",N,02/12/19,https://twitter.com/petrobras/status/1201548212450004992,TWITTER,ENERGIA
PETROBRAS,Nosso diretor de Governança e Conformidade foi eleito um dos 20 profissionais do segmento empresarial mais admirados na área de compliance do Brasil de acordo com pesquisa publicada pelo anuário Compliance On Top 2019. Saiba mais:,LINK COM FOTO,29/11/19,https://twitter.com/petrobras/status/1200528882350350338,TWITTER,ENERGIA
PETROBRAS,"Supercomputador mais poderoso da América Latina, o Santos Dumont contribuirá, e muito, para aumentar a precisão da análise de dados do pré-sal. Conheça, no #NossaEnergia, suas especificações técnicas e outras aplicações possíveis.",LINK COM FOTO,29/11/19,https://twitter.com/petrobras/status/1200509886574018561,TWITTER,ENERGIA
PETROBRAS,"A soltura dos peixes-bois Vitória e Parajuru é uma história emocionante e muito significativa para a conservação da espécie. Saiba, no #NossaEnergia, como foi a atuação do projeto parceiro Viva o Peixe-Boi Marinho para readaptar os dois animais à natureza. (◕(' 人 ')◕)",LINK COM FOTO,29/11/19,https://twitter.com/petrobras/status/1200482289744011266,TWITTER,ENERGIA
PETROBRAS,"Aprovado o nosso Plano Estratégico 2020-2024, que reafirma nosso compromisso de ser uma companhia mais robusta financeiramente e com baixo endividamento e custo de capital. Saiba mais:",LINK COM FOTO,28/11/19,https://twitter.com/petrobras/status/1200140835557400576,TWITTER,ENERGIA
PETROBRAS,"Criamos um painel de controle com dados atualizados sobre nossa atuação na limpeza do óleo nas praias. Com isso, Ibama, @marmilbr e outras entidades envolvidas têm acesso a uma visão geral dessa megaoperação. Saiba mais:",LINK COM FOTO,28/11/19,https://twitter.com/petrobras/status/1200085906956410880,TWITTER,ENERGIA
PETROBRAS,"Fechamos o acordo para que uma nova empresa assuma a operação das Fábricas de Fertilizantes da Bahia (Fafen-BA) e Sergipe (Fafen-SE). Com isso, as unidades vão voltar a produzir, gerar empregos e riquezas para a sociedade. Saiba mais:",LINK COM FOTO,27/11/19,https://twitter.com/petrobras/status/1199795278653591554,TWITTER,ENERGIA
PETROBRAS,"Queremos contribuir para o futuro das novas gerações. Conheça o trabalho de educação ambiental realizado pelos projetos @merosdobrasil e @projetolontra, dois de nossos parceiros nessa jornada pelo aprendizado. É empatia com os animais e muita brincadeira envolvida. Saiba mais:",LINK COM FOTO,27/11/19,https://twitter.com/petrobras/status/1199759488229814275,TWITTER,ENERGIA
PETROBRAS,Os projetos socioambientais que apoiamos também estão contribuindo para a limpeza das praias. Saiba como tem sido a atuação deles junto a diferentes órgãos e às comunidades locais:,LINK COM FOTO,27/11/19,https://twitter.com/petrobras/status/1199680930794881024,TWITTER,ENERGIA
PETROBRAS,"Estamos sempre em movimento e em constante evolução. 2019 foi o ano da guinada em direção a uma companhia ainda mais forte e mais eficiente.

Veja os principais acontecimentos desse ano, que foi marcado pelo início de uma transformação para nos tornarmos uma empresa ainda melhor.",VIDEO,27/12/19,https://www.facebook.com/petrobras/videos/2812274752167041/?__xts__[0]=68.ARAwG3JX56Kg4_QZIZse2ZOPXpRPj2EA8JESRix0EPPflHD8a2J6RTGbPEaqfzw-SPIFGj-ijtKakRVUhi4SDG8kjPUNZbLo2ngxVMd8fm3tYdmUcPEZtawq3RyETEVJOBRxaWrasccGDfS6WwgoJ9q9rHhhB7EIDozJDDwgPvRxjTT2W7db9pNrqTKEWVAarTVn3-TR6KCd-93Pa2BRq750k6kBbcT9aerPfqVZo_qHpfZbf8oljpjcQZSizZFtQ0kgLS6EVANUwv6cFPRfZImosSsBr8mfmd5De8swmSH78w2RRPatO9F9jrkONz8QBRUC-XRZUhotERpuhxzefqgfr21fnf_o&__tn__=-R,FACEBOOK,ENERGIA
PETROBRAS,"Final de ano é hora de expectativas renovadas e planos para o futuro. As crianças pensam longe e sonham alto. E a gente quer dar mais asas à imaginação, contribuindo com a #NossaEnergia para transformar realidades desde cedo. ",VIDEO,23/12/19,https://www.facebook.com/petrobras/videos/986700988364997/?__xts__[0]=68.ARCKxlK9jeLPUjWsnB0ObdKPho8jkZ7B22gO_AQBs39gbZoTqXGG6ZND2pJz0fwbJOgOUuh3tZRQuLfNKtOGTH4LRP-he9m-uVKQ6ADunTkz4rG0YCgaCY19HlnW4ffLp65Qpx7TKSUk2NmSS9Nd9aSZFCW5EHdUbbvsgBuGBrB3enNHciv5v-b-2vaJII7kXAy4hbklTJ8jnqS4-zHIPQ6cmrlzWkD4l9V1ZHhNcoKaEm7QRCp66M0i_Ax-wTzclag1ARYsp7yoniyczfxl9Wm4V3uNF9bJ6IFtZimnl4eCWFAUrFGtmcwaWkI0_ZH1iSReu2VbCXMxCUK-LKoxMd1CMOXeyU5g&__tn__=-R,FACEBOOK,ENERGIA
PETROBRAS,"Ter o talento reconhecido por inovações que serão um legado para a indústria mundial de petróleo e gás não tem preço. Recebemos, neste ano, o Prêmio OTC Brasil por cinco tecnologias pioneiras que desenvolvemos no Teste de Longa Duração do bloco de Libra, no pré-sal da bacia de Santos. São inovações que foram cruciais para termos batido, neste bloco, o recorde de produção média mensal por meio de um único poço offshore. Isso é possível graças às nossas equipes que, com seu talento e capacidade técnica, transformam os desafios em oportunidades e realizações. Relembre conosco esse momento!",LINK COM FOTO,23/12/19,https://www.facebook.com/petrobras/posts/10163327003960131?__xts__[0]=68.ARBkY-1vcTIiDeQIg0wjENQC3fgLGvesIrDuckMhzi6xIXtt6PVnOxyXSOWE92MQswhyV3RYEkaTm97EicS9GKtNPNUQok28XdZO8OzGJOHqCBXXHdosqegT4HX6GF7TfjPV1Hfn_LNKoFucCXhK67_8xLqyZUbyNd1yawmt8N403rVlm3-RaQ6CeKjSvabLgX7r2bNgWkbRqf3Lf82uv_tkTlkc4lMBU86s2nL0CW8FXnnt0sUtB3kHfYulWZwqrMusUVVANK4GX8vhgKDd72QblBIRThvH3H53JYZImNWEfpNpF0OmRvD_-sI5UYAb_V-FrG_fG5a_pL1LytTniboj8A9sq58mZ7f5NZpZOch2GXZsnZU_j1-Elm34B0f8zU97u40eVi97iApvOz4IqWLp3d9G35odhS0HnYPoyaiFFrNJmUiLsa1Bh-C9ZfmTAe8O_7Y6Co4yYnh79pIsTmfR54h6PPUyB_M0OhVVw12tLA&__tn__=-R,FACEBOOK,ENERGIA
PETROBRAS,"Neste ano, contribuímos para a limpeza das praias atingidas pelo derramamento de óleo com uma megaoperação. Monitoramos as áreas costeiras com drones, helicópteros e embarcações; realizamos análises químicas de resíduos encontrados; e distribuímos kits de material impermeável e resistente, com luvas, botas, óculos de segurança e macacões. Além de nossa atuação direta, projetos participantes do Programa Petrobras Socioambiental atuaram voluntariamente junto a diferentes órgãos e à população em diversas frentes. Reviva mais essa história que reforça nosso compromisso com o respeito à vida, às pessoas e ao meio ambiente.",LINK COM FOTO,20/12/19,https://www.facebook.com/petrobras/posts/10163313320595131?__xts__[0]=68.ARDdVUi0HILm607nxgYraAHoV9EVf-Gn_7SljOWSke3_-SjwgPNXjixdomNik9nU5b_aDlKlxA3Uh7N4ziu0kZtDpzLwdDv_EiwzSkS4F3-EvVaO0mmRAs7k6LJxVjaIeYEwSfFDfJsh_p2lEDjUWceBbCRcAFvgSsSWbrQcMUu10fwnpwPg_MxslvpMe66ygTwSvK4ey72smTIGWlMzZks7IoKy_7t_LTm5-t1pdMHAGiIj_rUhlS2wD_-o3vnvtJxaLEVyOgk2o41ZDCsBBACYvSjMbiPvwW8y-ySlL_iBa6rT0XSdlkFhcyhFbIsvZZ9iG5VAxvjvns5aTlVEF1fGRXIcsjnwR7llZaGLRtj4rc4wvocx_INQ8_onr0j5mrJy7KOIcfKyaQzIR87Iryy2SoYNdoW8-uQ-KZUkD_L6pdjGYyWO6Q7l2j7CMYVOQiJXL_NTiuJrHQxHGxsDnzWdx_vZH7o5vQZLBmH9fD6_hg&__tn__=-R,FACEBOOK,ENERGIA
PETROBRAS,"O mundo nano, invisível a olho nu, é tema da nossa série Aceleração da Inovação. Desta vez, falamos sobre como materiais da espessura de um átomo, como o grafeno, estão revolucionando a forma como trabalhamos. Até 2022, tecnologias como superadesivos e cimentos com nanotubos de carbono serão aplicadas em nosso dia a dia para reparar estruturas metálicas e aumentar a segurança da conexão entre dutos e plataformas, por exemplo. Confira:

",LINK COM FOTO,20/12/19,https://www.facebook.com/petrobras/posts/10163312977720131?__xts__[0]=68.ARCvNJoFQ_fmQ3l_jXzpH1xejya2zUMssE2s__gYY5bXbtNbNJBPh2-oL-dxgkrfksQZBrgp9kdizuOhUctq3WNJ7usdLFCwBaXrVG-1LPdeUos6kpVp8zkiAKujv5aBL86ISmKSFLWNmWl2u14BSeDIAT61k9TUI58VsbAqZZVfGm3hvXLqcX7-r0zlA9VurC-xHb0LLQ8srJ_SHWEmUvTL1hggsWiCyEaMNs6vLAW-vL23FfMWXJXOJ_D9f3z-4X-_uRCHRRFFl0aZ4EYK6fcWT_7USZrk3bMDh3bppS8EfQ7qEQ_zCKUSeM00JlUVjav26NZe7PkkYE7eaNEx83jlCdIg&__tn__=-R,FACEBOOK,ENERGIA
PETROBRAS,O mundo está em constante transformação e nosso negócio precisa acompanhar esse movimento. Conheça os novos caminhos que estamos trilhando. ,VIDEO,19/12/19,https://www.facebook.com/petrobras/videos/2586772928106854/?__xts__[0]=68.ARCJClPZAeW6JYGontezhN1AwPPeVgN3qyMIKhBPzmeqoWoHPquo2zTd46gJ-wLlE43IcrGXlOA3VbqR5tNDmF-LGRZe3TlWnIwSsl9Tmt7teaqTrpLs8_SiB_iGkV4k_vv7SLmSWeA3j-5DEPS11aZoTYj6UnSjQiMBKAcSSZTSHKfwNqRTWvGyWz0zhFh64B8TmTXA-iGtD3qN2AptE8Betjt0lyE6Az3Yogy_GpQeSJJj8hJsMfPX5f3CJKy8QoU_bFs1xxK6E-580NGCT-E2_gI2riwA_JEjuyU90WL-rhscPsQ5yJjBRefhP-sa2jEyE0unOUN_cBOr86u8bvDcpHNUKZ1R&__tn__=-R,FACEBOOK,ENERGIA
PETROBRAS,"Tudo o que realizamos é feito por nossa gente. Uma diversidade de postos de trabalho e também de pessoas que os ocupam, cada uma com sua singularidade. E, em 2019, muitas delas contaram suas trajetórias no #Jornadas: uma série com narrativas únicas para conhecer de perto quem faz a Petrobras, em texto e imagens. Relembre algumas delas. Em 2020 tem mais. #JornadasPetrobras #OilAndGasLife",IMAGEM FIXA,19/12/19,https://www.facebook.com/petrobras/posts/10163307841670131?__xts__[0]=68.ARBsGs-ths_7eMH86wgVR4sAUlrP4M6Bo3fwNfcBFN7SDcr8RlR6ID0oYUJoKnHmRi9GQgewxz3rHrWNn3hsJNcRCgxG6VrWXkTS8hdguKpwA0pGdG5Y4npKST_ud-LmEdXFpduuZecNH8mV485QPUc4nyl4cp4hXs-su1MsLGV4l55zojLEW-s3RPo8RNAYRl0VhzRbXxznKEzO2RRGYbvrd5_7zc9AZdaO4cLkMLelM47s5I0v6QQnmMmxcxhad6_PDD56kMv3htw83EVn2xQIb8OQbzKS2kL1n6ejr40utlAhDxySpgNeyQJPzbkzXp8q_XZKz2ANzKV1ZDhlFE0Qmg0PwgtS8zAcizyL4VNlhRY0yGcxQZ-47MyY1_hFHxMDtpTWAVtXuD-J2YKdII4xMH9mWcrOTkcUOwK6Rilk7zW6JUpDEzr-WS7pxwrFBrg6BEE&__tn__=-R,FACEBOOK,ENERGIA
PETROBRAS,Inteligência artificial. Robótica. Supercomputadores. Realidade virtual. As inovações tecnológicas estão revolucionando a forma como trabalhamos e nos tornando ainda melhores para você. Acesse: https://nossaenergia.petrobras.com.br/,VIDEO,18/12/19,https://www.facebook.com/petrobras/videos/2905274356173822/?__xts__[0]=68.ARBLCSFmUHEef37z_D0Snu_j62aivqpcqzuGNvhmgb8Znu9GdAfVLNGO4CUzgrDbKy0TbMmqryVbqdRcqx9QjNbGbd4KBn7EGt7_9bQjlRvM5S2KDBr3urlvhBtI0sfG-DD23h2xOo8-F824ioNuQW6DGipDBUh-DdUC62TVhRHhQVGc-XDuEiDL5naef2GgNx-8-X8wrRpnSzijBbk_v2RxnuFzgBR2SCFQMXIT1nt5c3VM7j4BKS7j0_s4H-HKcuptB-7fTF-i1jTdDWWfuauvSNCp3DM4ByMH0V502jD9UU3fIzQR9jjzYLjDXDcx2aysEsvZC1xColph9ffcfwWO_fdMOvcc&__tn__=-R,FACEBOOK,ENERGIA
PETROBRAS,"Gigantes dos mares que pesam o equivalente a 220 boeings 747 e têm um comprimento que corresponde a três campos de futebol. Em 2019, colocamos em operação quatro plataformas no pré-sal. A P-67, a P-68, a P-76 e a P-77 vêm contribuindo diariamente para que seja possível quebrarmos cada vez mais recordes, como aquele alcançado no dia 8 de agosto com a produção diária de 808 mil barris de óleo equivalente. Reveja o vídeo que conta a jornada da P-67 desde sua construção até o primeiro óleo.",VIDEO,18/12/19,https://www.facebook.com/petrobras/videos/2905274356173822/?__xts__[0]=68.ARBLCSFmUHEef37z_D0Snu_j62aivqpcqzuGNvhmgb8Znu9GdAfVLNGO4CUzgrDbKy0TbMmqryVbqdRcqx9QjNbGbd4KBn7EGt7_9bQjlRvM5S2KDBr3urlvhBtI0sfG-DD23h2xOo8-F824ioNuQW6DGipDBUh-DdUC62TVhRHhQVGc-XDuEiDL5naef2GgNx-8-X8wrRpnSzijBbk_v2RxnuFzgBR2SCFQMXIT1nt5c3VM7j4BKS7j0_s4H-HKcuptB-7fTF-i1jTdDWWfuauvSNCp3DM4ByMH0V502jD9UU3fIzQR9jjzYLjDXDcx2aysEsvZC1xColph9ffcfwWO_fdMOvcc&__tn__=-R,FACEBOOK,ENERGIA
PETROBRAS,"Nos dias 13 e 14 de dezembro, várias cidades do nosso litoral tiveram um fim de semana de festa. Não faltaram motivos – afinal, em parceria com o Projeto Tamar, comemoramos o marco de 40 milhões de tartarugas protegidas.

Na Praia do Forte, na Bahia, além do envolvimento da comunidade, o Projeto recebeu a visita das instituições Instituto de Cegos da Bahia e Apae Brasil.

Nós estivemos por lá entregando uma placa comemorativa ao fundador Guy Marcovaldi e acompanhando a caminhada das tartarugas ao mar, momento em que os filhotes são devolvidos à natureza sob aplausos do público. Saiba mais sobre a história do Projeto e da nossa relação de patrocínio:",LINK COM FOTO,17/12/19,https://www.facebook.com/petrobras/posts/10163300488600131?__xts__[0]=68.ARB9mSGRaoVxWOax1RJpb8kg13y8Ft45OjeXT9nomK92O6epXUIw_GzaYrP826jsTpbmedAJ3qFEwZlgWBENGu5n7tekJJu4m0jC9I0EkGQRFiqs3IexdoaB6MuuECjDz6TbIEeHPnrRpFmmQoSNfkPdR9jaqF8QeXvM504Wbe9Hp-gPUpZ0Xk61PdvkCpGxSOmylKHalFLX36fWSvM0PHd1_oa8P3loQmRiy6MTomy8o0b3zRYXUrt8--zkXEFcdnkinxnSQwIFWd9Cc4kIEI4ohOL25MwNu3u30CYx26io4FoGV8fqaWzaviZ8Op1N-7RKOpfD2FfIFuMOWAKAcaJGO4GT&__tn__=-R,FACEBOOK,ENERGIA
PETROBRAS,"Transformar o próprio futuro e alcançar reconhecimento internacional. Para Ana Marcela Cunha, maratonista aquática, e Isaquias Queiroz, canoísta, dedicação diária, treino e energia são fundamentais para a conquista desses objetivos. Conheça suas histórias: https://petrobr.as/energia-para-chegar-la #NossaEnergia",VIDEO,16/12/19,https://www.facebook.com/petrobras/videos/576586226510338/?__xts__[0]=68.ARDIXvfQiKph7wloh12WkYtRVeS4ooS3-8zs8-jMlQJVs66oNKwbEafF2CAGsQ5GPukJb8EHIdTftmhKohM53hjCgBUeK5YpdC4MlEoujXxJEQEHCkydyNZiRYHb32-3PzeVkMYsQqtuXWwh4Lel6z6U8z4zNPJAMy5h8tNF8ACKcg-d8ZEqDIgDUW7PL5MKuOjfe7iNrsw-PKo6TThpJwEKEzE4rzLBDongh_9t_YKskMi_7m8eYDwbIqxMehMEoBPZ_a6580M3mxgfh0O0Fg5Kx3TEUAD5A_bwI1Wd3Hgv0-o7o5JGw1g4_yXFxOLyrvvrJAFUAiSPGw-MFJwLoNxehM-rv9fP&__tn__=-R,FACEBOOK,ENERGIA
PETROBRAS,"Em parceria com o Projeto Tamar, estamos celebrando, neste fim de semana, o marco de 40 milhões de tartarugas marinhas protegidas e devolvidas à natureza. Quando o patrocínio foi iniciado, lá em 1982, comemorávamos o retorno dos primeiros dois mil filhotes ao mar após um levantamento das principais praias de reprodução desses animais em nosso litoral.

Hoje, quase quatro décadas depois, as ações do projeto contribuem para proteger mais de 1.100km de praias e estão presentes em 26 localidades, atuando na pesquisa científica, na proteção e no manejo das cinco espécies de tartarugas marinhas que ocorrem no país, todas ameaçadas de extinção. Saiba mais: https://petrobr.as/40milhoes-tamar-fb",VIDEO GIF,13/12/19,https://www.facebook.com/petrobras/videos/908951632839769/?__xts__[0]=68.ARBvVSFLwwQjX1FcIue8bGII8a98q5LuefxKU--w6WUyN6-5_etFloY5hrFIpzUu2h-q6M-renM5mR_rRKdRtIKRPKlpbJ2g8C47M1aKiuFxeKOmhVH619mgmQ6UxsMtXFY-DPlxkQ5b0ypVD9RZW59FzggNVGSOmwkPJ0LmPGA-c9Zal5Rmf4LrzsixjyKAlv-Lld7OnNPQ4KG106fOjDQIG6ozDQ9U9L6S1p5qhWribLJQVTxD6DocRxIiquuoCC6l_cf5qtNXLF9LfJynR-zL_TeVs6ahdJMvn-QCU-vZmPN325n6lhcpz4lPjgceN-rRsEb8UQ5y8Z4O15KS06oBoD5Nh-SP&__tn__=-R,FACEBOOK,ENERGIA
PETROBRAS,"Conheça as sete empresas vencedoras do Conexões para Inovação - Módulo Startups! 

As soluções são baseadas em tecnologias como: captura de carbono, aprendizado de máquina, robótica, wearables e outras tecnologias. Elas serão aprimoradas por mentorias técnicas, prestadas por nossos profissionais, e de negócios, oferecidas pelo Sebrae, para que possam ajudar a acelerar a nossa jornada de inovação.

Saiba mais:
https://petrobr.as/resultado-conexoes-fb",VIDEO GIF,13/12/19,https://www.facebook.com/petrobras/videos/3230997303583011/?__xts__[0]=68.ARCI9szu-gj8SyiWtoJPkrtz_DyXfmnty_pRgMDtKDicch2kqMTdU_jsUZw8Kwy8MDARZAlpOMkwqxiRud7lIVB7fly0jrNi_NGt7SMlRbiJDqaUvRge87Nd3E9phIGJsW-Jn8qvrMLxtKRqGWC7LsFFTNQMiraiN16A_5uSRgAq7uf-YyTRpr1rsLKxWbD5H3aHAYJMNcOBRqd6hkiNrV-N_vDGPFvuyVlIbgkMyr5PgmfwIIOkShrKcv0-YSdnJIyxFBL1fozLAMakQVp-IaWIzoHsIZZd_cSI5Guotsv-mH2rK0Nw1WMhHYxsadpESF0M9Dd1qluLB_HD3mBftKharhhdXIxy&__tn__=-R,FACEBOOK,ENERGIA
PETROBRAS,"Este ano, em parceria com o Projeto Tamar, conquistamos um marco histórico: 40 milhões de tartarugas marinhas foram preservadas e devolvidas ao mar em segurança. E, para celebrar, serão realizadas atividades culturais e ações ambientais entre os dias 13 e 14 de dezembro em alguns pontos do litoral brasileiro. Confira:
",LINK COM FOTO,12/12/19,https://www.facebook.com/petrobras/posts/10163275639915131?__xts__[0]=68.ARATBE3FKzPZWTdPc8ZJXPfMaIfvmYxLhhoTRbgS_H-ild8fqXN4ZEYnbof8o1h3Lv8n282Bh3aQLmquKV6wbV_yd4Mqqm7lHYL7kOfVTglOxzJcj5XlyMt__U0FGMWKWzZOYYlEbQowJWzcSd1Y11KfyvwlL37IjeCxS2xKJgW0m5Pgzl7r30CjRu08si6E1grZqf0ncLQp5aHBf1afMHU4-f9AHOD1irgSEKdq7IXQQVFlXhiNUZ7xL4ExZ12kbbdPv08qMSWR_f0CdSORjIuVUWJ1fpgJzSEnOth7PCOoOlOSQxpzIU4w5KZbaqBdMmq759IWRY4tzlmD2iYg&__tn__=-R,FACEBOOK,ENERGIA
PETROBRAS,"Já ouviu falar no “Vale da Morte”? É assim que quem trabalha no setor de inovação chama o trajeto que fica entre uma boa ideia e sua viabilidade comercial. É aquela parte complicada da jornada em que muitos empreendedores acabam entregando os pontos.

Perguntamos para alguns inovadores que tipo de dificuldades que eles encontraram – e ainda encontram – ao longo de suas trajetórias de empreendedorismo. Eles contaram um pouco de suas histórias, destacaram a importância da parceria com grandes empresas para atravessar esse ""vale"" e indicaram alguns atalhos para superá-lo.

Confira no terceiro episódio da série Conexões para Inovação:",LINK COM FOTO,10/12/19,https://www.facebook.com/petrobras/posts/10163268353540131?__xts__[0]=68.ARAPWrAGPVX5fMr7Faps0__vX7jTq91_rGDEA-jGuEHqCLh5Js6IhM-XgyP4iivDU_js6ZrpMcrgkJ9XGZR6WHduiFZrfjaA-VN-ObNHYppB9i04hddpcH7zCeFD1WBLsck9MdSAv9OA2DB4BOIHHoC0Hmd8PQSGkdsTxurznYJFUOA5Iat7Qtj6rztMntZ2OjBnE9pzUxai5le_y_FvApdFkSuhPyMQELUYHNl3-rkRox3_9sIbJuJuKqreAqm2YGhq1hPZy87R2i37mZRhbeIIlOpfQpNQ9Bp7ZWaSxw7L5kqYiFv1jpxsPsIkmLY3MVPTHgKix8mW9hzYDSxe&__tn__=-R,FACEBOOK,ENERGIA
PETROBRAS,"Estimular o desenvolvimento cognitivo e emocional das crianças é um dos objetivos da Iniciativa Petrobras para a Primeira Infância. E, para isso, contamos também com os nossos parceiros! O Espaço do Conhecimento UFMG, museu de Belo Horizonte com temática científica, recebeu a visita das crianças atendidas pelo projeto Semeando Cidadania e Saber. Veja, no video completo, como foi esse divertido encontro entre a brincadeira e o aprendizado: https://petrobr.as/primeira-infancia",VIDEO,09/12/19,https://www.facebook.com/petrobras/videos/2589015541133757/?__xts__[0]=68.ARAdWfo7vIYnsr3wCrBtMaPKQfV1q5NJcr4lwlSbRcGmZLm9A4L2BmjqEx9s7xCnZ-SS7wwIruscZIUA8PFuVHmlGKg0xJyIVoiTqjc2sMfaBE2Y9kCUL_8RU-Q1rXigeYaHkj4MB8JNryrfm4jyXXBqL3wnaDru6OZP2re_b2VHm4afbQIkXyhoTLFt9j_KdCdorPexpIgSvmE_xRamSCK1WX6huNRziI3aHWv56QGOKIlxn9I6QKmM_KnNRJtXJxkuk6LkaovTd5XF1M2AyRSOPPV-fOP6fhC5fADvUnssaL9j2gBVyurydcn3vUNWUkGtJrBs7XpJszl6ibMPOkv_l_nVJ-EP&__tn__=-R,FACEBOOK,ENERGIA
PETROBRAS,"Mais uma plataforma rumo ao pré-sal! Após meses de trabalho intenso, a P-70 está partindo da China em direção ao Brasil.
A plataforma, do tipo replicante, terá capacidade para produzir 150 mil barris de óleo e 6 milhões de metros cúbicos de gás natural por dia.

Saiba mais sobre a jornada da P-70: https://petrobr.as/p70-fb",VIDEO GIF,06/12/19,https://www.facebook.com/petrobras/videos/450653522299638/?__xts__[0]=68.ARDV0ovsicSC1rVtdTi5UK-OZuKws5YlIXAykmYglbwLH-onDif_EwMh6Kv0LHaqwKir3PjfOCzxm4UusPegmM4tgMzzCYDQVVzijnPuBEJzT4Fx35SrrJ2XtbWVleEWqhHa-adBOfI6HfiVnllFP5vyIPppqPKv1Zzq29U2rjPqOknCSqjTi9OXSMnAokY90y_mwPXE8kxcsoi7RsJMlNR66Tj-ledJnZA7M6LLIxI3uk7hLgCWrthBEOn3KbIkDPeLxHPxwVjHTwWOZXuJbHlL5FR7Ip3Hkco3QIo0ZpG_sCme5wwLiMJ4cPusDJaeQ1rGUPS4WWpeMIL1-fNVgSdD6X5KXs0p&__tn__=-R,FACEBOOK,ENERGIA
PETROBRAS,"Entre 9 e 13 de dezembro, realizaremos a Semana Petrobras em Compliance. O evento vai reunir autoridades, acadêmicos, profissionais de diversas empresas e representantes de entidades envolvidas no combate à corrupção para discutir temas relacionados a compliance, governança e ética.

Saiba mais sobre o evento e confira a agenda completa de atividades: https://petrobr.as/compliance_fb",IMAGEM FIXA,05/12/19,https://www.facebook.com/petrobras/photos/a.10150386851025131/10163242590530131/?type=3&theater,FACEBOOK,ENERGIA
PETROBRAS,"“Como antecipar o que vai acontecer? Eu poderia estar no Direito ou na Marinha. No interior do Paraná ou no sertão do Rio Grande do Norte. O que mais gosto no que escolhi é a curiosidade. Ficar resolvendo problemas. Conversamos muito para chegar em algum lugar, é o ponto alto do dia. Uma coisa é certa: grandes máquinas não podem parar. Falhas de turbinas e compressores têm que ser monitoradas pra avaliarmos o que ocorreu, que aprendizado tirar. Mas e se a gente pudesse prever essas falhas? E se a gente pudesse inventar um jeito das próprias máquinas aprenderem e nos informarem? E se isso já existir mas a gente puder gerar um algoritmo específico e dar mais precisão? E se eu pudesse juntar o que pesquisei com uma oportunidade que surgiu na empresa? Há tensão envolvida. Prazos curtos pra apresentar resultados, mudar a rota se preciso for, e rápido. Aprendemos o tempo todo. É bom porque não nos acomodamos. Não é só teste, é mais responsabilidade. Onde tudo isso vai chegar? Estou curioso”. Leonardo, engenheiro, atua em Transformação Digital, co-working no Rio de Janeiro.

Essa foi a mais uma história da série #Jornadas. São pessoas como o Leonardo que nos inspiram e ajudam a construir a nossa trajetória. #JornadasPetrobras #oilandgaslife",IMAGEM FIXA,05/12/19,https://www.facebook.com/petrobras/posts/10163242009100131?__xts__[0]=68.ARDUHxdFsv9TKFAXKHfW31J_nqG0t_-dEAjoIbLjOw-URIqmpVGZouLNVCi0WYUJeL5l6DdefdAHMUMNjH0PkZURrQ1vz6ICG7UT9-CVQUOE0BTvf6qJpvylyVb0gCc6da5evcqz2isU0uVEZRGMGHTqfDK3i3UvqTZAf85QMztWc1FFcOdU6gJ-9PKTFan48xZ-wTEi4sccOSK7-jz0G_s9J4TMsWkBOz5e5Dco11rlnfiASiOo6xy8HuLreV4iLEVuekzCAddTY2psR--CGvfQppCjSpOy8WKSxbVpPHLYSNphmKR9kMdP4eCSPbuGKO8nqp7NS8HQUviDb3uh5mVgXX4l3BA-MqdSMZ6HDl-7DOtv8h-PkP0t6m1S13vt6Cki9ofZ3nm9vbYKO4EPEGhDpeQeJfYc7YApSQT8m_gks4VnQ1EbVbmL7kRpM_0GW6evy_c&__tn__=-R,FACEBOOK,ENERGIA
PETROBRAS,"Nossas medidas de combate à corrupção foram reconhecidas pelo Conselho de Ética do Fundo Soberano da Noruega. Com isso, voltamos a ser elegíveis para receber investimentos do fundo norueguês. É um reconhecimento à altura do nosso trabalho.",LINK COM FOTO,03/12/19,https://www.facebook.com/petrobras/posts/10163233162845131?__xts__[0]=68.ARD0omknu7encs5oaHCRnEn-mJpBXcYZ9e38DWR7U4QyFEDw33KduXWoyoHL4yNfmnVtaaRTsQo9_jm80f99XKS6aJ7Di3DU_CeW79EcdLF-6qzSsNgNX39x0o10dsUDHz05Xcudx7HQgfLqfEuAnbTj970QasLpNTCgO3_UpRkppdWAJdpnvZhNubc0UqSRRIJ1FmkY1xRlduJ4l4-w8Fu8wlbjjSQ1VZQJegWs1XbCepwx2hscYbQ_73gGXJlMNNQcTFeTKAgWADx9Xg-0DpSNZDc4wGxTXoiw8wea75LqND1JS_RyT55vJHeEvMVx4O52ujBKkseXujN3yz9X&__tn__=-R,FACEBOOK,ENERGIA
PETROBRAS,"Você é aluno de curso de graduação, é inovador, criativo, proativo e gosta de tecnologia e desafios? Então a nova etapa do programa Petrobras Conexões para Inovação é para você. O módulo, batizado de Ignição, é promovido em parceria com a PUC-Rio e quer fomentar a experimentação, desafiando universitários a cocriarem soluções para a transformação digital do setor de óleo e gás. As inscrições já estão abertas. Participe!",LINK COM FOTO,02/12/19,https://www.facebook.com/petrobras/posts/10163227478090131?__xts__[0]=68.ARAHzfUs2LA_wofUKZz7qzEV2asiVVv7cTUwfW6UbISHDJrkOT88jYOsGJPqQCNdznkYgn84RHPW5WS8oyj5b652PG-HhLNOdPrE1whwsMzpunEf5gJGybbQgotguve4HJmZvC21gSJQ2Qn8MjUDCfU4M9OF0Jz24RWLFCdxDx-qvo2y6drUZC-vPhugn4QLn8tB_VJ7URin0bt7-UpkUsfE-scXE1tiRJ1LUOQAAdid-toxLIvfV-fDpeFxEqufuOopyY3HifCGrTZRzKOXVYzSyJKwwE-RENziIZdgUtPb9oamnjq-X_UdtQgG13jV9wZdw9iJRroG857HPW5W&__tn__=-R,FACEBOOK,ENERGIA
PETROBRAS,"O supercomputador Santos Dumont teve sua capacidade de processamento ampliada, o que faz dele o mais poderoso da América Latina. Isso significa análises ainda mais precisas dos dados do pré-sal além de outras aplicações fundamentais para o setor de óleo e gás. Saiba quais são elas no Nossa Energia:",LINK COM FOTO,29/11/19,https://www.facebook.com/petrobras/posts/10163213297985131?__xts__[0]=68.ARBFSLsgI0C1zoURPwT3wkjDy-TcuPWfC-Gh-PrKncPDY87TTpUmEuZSs71NhftN65TziX6NTc3YHWopNgqaqpSNYpRMzoSFJFyMfHYT7i_ILt4m-9_mD4djmHCzx31NRL4scScV9Q0NQ91idqFtuOjOxe7_-Z91siEx4uJlU14-Sm9j2Dic95CZZUo74MDMonA4zFEj07JoHwZiHSgSoJK3Xl0Fq7OCTHyCp8MqL6RzXr8b8v0UU0AH--IkxK4p9-TRUX1-Id8kwoYoLL1lxbrH3q9GlLtDhabZv9Y6G3nhMSFNwHtRulTW1M1vNgg4erp1MFznJ5Uv8sAsl_53&__tn__=-R,FACEBOOK,ENERGIA
PETROBRAS,"A soltura dos peixes-bois Vitória e Parajuru, encontrados ainda filhotes, é uma história emocionante e muito significativa para a conservação da espécie. Saiba como foi a atuação do projeto parceiro Projeto Viva o Peixe-boi Marinho para readaptar os dois animais à natureza. (◕(' 人 ')◕)

Contamos tudo no Nossa Energia.",LINK COM FOTO,29/11/19,https://www.facebook.com/petrobras/posts/10163212876155131?__xts__[0]=68.ARDlisYz1U1SJEXgV-7RePjDUsS3Kxzowvq_qzPRLozVJ7sKAeyXA7p7IWS5MF2CMAupcrXNVUCaZ7Mcw0b5mjLIgP2Jb9UJ8yMuG1i63EI-hDZY_cGvyS3IgEs7SkA6aVokGAboLgpPQbTu7d5E-162_htu2I0QKFjJPQHJX8ud5j0Gkhbmf7k00sHkgiNv9oL4jkvP3N6cDLGmEa6fuZBv6fCwV2P6bGht_k8V8BaZn5mN9PnbIeJHJQMjv347fjhE0UmPH4dDjT8-71xVWLEdSHv0zTi5-TNNOSBOwWsbuJrCFTgI4K9UefrOpiuump7SlzjVdVlne1mwhrn0&__tn__=-R,FACEBOOK,ENERGIA
PETROBRAS,"Nossa contribuição para a limpeza do óleo nas praias é uma megaoperação. Para integrar os dados de nossa atuação nas diversas frentes, criamos um painel de controle para que todos os envolvidos, incluindo o Ibama e a Marinha do Brasil, possam ter uma visão geral e atualizada do que está sendo feito.

Saiba mais: https://petrobr.as/oleo-dashboard-fb",LINK COM FOTO,28/11/19,https://www.facebook.com/petrobras/posts/10163207750615131?__xts__[0]=68.ARCqHUfiWk35juCzj5krCGZ2LpaZw_iNexaekPc30WM5Op2hj4-0yQxQGcQYvDRigzPUAoymkQkHpK6bqpZ0pfQ8uUpZ_OqA5fFsUsvAEBa1N6Hlu0uRGUf-kodWPLOWKq7y1AIXMITXZC22XxtiKHvBGkBO8S84RoGqUhxd7gWXZrzfqb-rL4LHwPzzE42DbTPPVO3Ob9DIXt_i08bTr3vz9np6NjBUBBbR8LQfGvVLRQGob1dp3Y3LRdw2BgQMhLaKm0ln_JvlkB9-10CKlmPEuHOQQZlM3vE_8oxVhKyi55lQak__TyQs0W1yay_IPRO9yB3uBj9HWCQt6a-l&__tn__=-R,FACEBOOK,ENERGIA
PETROBRAS,"Fechamos o acordo para que uma nova empresa assuma a operação das Fábricas de Fertilizantes da Bahia (Fafen-BA) e Sergipe (Fafen-SE). Com isso, as unidades vão voltar a produzir, gerar empregos e riquezas para a sociedade.

Saiba mais: https://petrobr.as/fafens-fb",IMAGEM FIXA,27/11/19,https://www.facebook.com/petrobras/photos/a.10150386851025131/10163203249960131/?type=3&theater,FACEBOOK,ENERGIA
PETROBRAS,"Queremos contribuir para o futuro das novas gerações. Investir na Primeira Infância é possibilitar a evolução de competências essenciais que são levadas para o resto da vida e podem transformar realidades.

Conheça o trabalho de educação ambiental realizado pelos projetos Meros do Brasil e Projeto Lontra Ekko Brasil, dois de nossos parceiros nessa jornada pelo aprendizado.

É empatia com os animais e muita brincadeira envolvida. Saiba mais no link abaixo:",LINK COM FOTO,27/11/19,https://www.facebook.com/petrobras/posts/10163202655100131?__xts__[0]=68.ARBmsY3qmsMq19h31d8cRdgz91QCv5vPS2Xd1O-JU_45gtbU27Lsf_s4v9ZHpvZvh9vMj-UggUecLxRleiMuY8p2vWJIsw8hAFR226RVlCWtT8A2fu7wrsNW29QR33d3UmGbqHZr8GrP3XSudcU4ns2OMySGizSEaqd6t3IXElW2Q6bfMEpg1tsPY8ZnNCZs7M5w_nwhDHZFxoveXMKBCG-pbSyvPO3iXbIT1aJUStJbkKSsKyTUKIAOQtU8H1mNsYLYgnkIilp6fCyiUH_dL0ueSwbGeE8-YtVpaPcN4ivnCf26_E5fUHxDlxcdzGmpu6yqz5O8mkHqWoLyFI2Y&__tn__=-R,FACEBOOK,ENERGIA
PETROBRAS,"Os projetos socioambientais que apoiamos também estão contribuindo para a limpeza das praias. Em conjunto com diferentes órgãos e com as comunidades locais, eles vêm trabalhando de forma voluntária no monitoramento das regiões afetadas, na pesquisa de compostos biodegradáveis para o tratamento de animais oleados e em diversas outras frentes. Saiba quais são elas no link abaixo.",LINK COM FOTO,27/11/19,https://www.facebook.com/petrobras/posts/10163201520125131?__xts__[0]=68.ARCqMrHMFVOBw-7mAmr_GvvlfNK-Q0qVRe3Q-A_Ifx79fvbBjdgFUo_Hu4BgWost01oRAKmC82fJavFpPa_uBOIbGlyRevgTHkoqOOJ0rq-tyAXOdBnM4_V9IoOs_CmmRERdT3Ay6EMLCGzLiQoUGxlGj_gwDCkC6qigtMGEN0dDQn4tLfuxnMFq4iZl2TG3AF068QPddHgXOx7bJEcX4TGh5w2psg6KeHT6LxvEOuI2XhlHRgkiHz3Ro94Z2pvT_hztuWZbGpTO7Z2kAWcJol36OYCk7m_4ykC_feaVTNd_9qyqSx4Q817jzUjwJ9aNB3fUMFLDHi3X_L09RHs9&__tn__=-R,FACEBOOK,ENERGIA
PETROBRAS,"Final de ano é hora de expectativas renovadas e planos para o futuro. As crianças pensam longe e sonham alto. E a gente quer dar mais asas à imaginação, contribuindo com a #NossaEnergia para transformar realidades desde cedo.",VIDEO,23/11/19,https://www.instagram.com/p/B6a3BKOHP0V/,INSTAGRAM,ENERGIA
PETROBRAS,"O mundo está em constante transformação e nosso negócio precisa acompanhar esse movimento.
Conheça os novos caminhos que estamos trilhando. ",VIDEO,20/11/19,https://www.instagram.com/p/B6RT7V8HKmZ/,INSTAGRAM,ENERGIA
PETROBRAS,"Tudo o que realizamos é feito por nossa gente. Uma diversidade de postos de trabalho e também de pessoas que os ocupam, cada uma com sua singularidade. E, em 2019, muitas delas contaram suas trajetórias no #Jornadas: uma série com narrativas únicas para conhecer de perto quem faz a Petrobras, em texto e imagens. Relembre algumas delas. Em 2020 tem mais. #JornadasPetrobras #OilAndGasLife",IMAGEM FIXA,19/11/19,https://www.instagram.com/p/B6QF6X6nSby/,INSTAGRAM,ENERGIA
PETROBRAS,Inteligência artificial. Robótica. Supercomputadores. Realidade virtual. As inovações tecnológicas estão revolucionando a forma como trabalhamos e nos tornando ainda melhores para você. Saiba mais em nosso site Nossa Energia.,VIDEO,18/11/19,https://www.instagram.com/p/B6OSXBfnC0I/,INSTAGRAM,ENERGIA
PETROBRAS,"Gigantes dos mares que pesam o equivalente a 220 boeings 747 e têm um comprimento que corresponde a três campos de futebol. Em 2019, colocamos em operação quatro plataformas no pré-sal. A P-67, a P-68, a P-76 e a P-77 vêm contribuindo diariamente para que seja possível quebrarmos cada vez mais recordes, como aquele alcançado no dia 8 de agosto com a produção diária de 808 mil barris de óleo equivalente. Reveja o vídeo, publicado aqui em fevereiro, que conta a jornada da P-67 desde sua construção até o primeiro óleo. #Retrospectiva2019",VIDEO,18/11/19,https://www.instagram.com/p/B6NkMAYHYXv/,INSTAGRAM,ENERGIA
PETROBRAS,"“Um dia você está brincando na rua e, no outro, é um atleta mundialmente conhecido”, conta @isaquias_lx, canoísta medalhista olímpico. Para que uma transformação como essa aconteça, é preciso amar o que se faz – como bem lembra @anamarcela92, maratonista aquática e mulher brasileira com mais vitórias em campeonatos mundiais – e investir energia todos os dias para para que os objetivos sejam alcançados. #TimePetrobras #NossaEnergia",VIDEO,16/12/19,https://www.instagram.com/p/B6I_z2hnuWx/,INSTAGRAM,ENERGIA
PETROBRAS,"Em parceria com o @projeto_tamar_oficial estamos celebrando, neste fim de semana, o marco de 40 milhões de tartarugas marinhas protegidas e devolvidas à natureza.
Quando o patrocínio foi iniciado, lá em 1982, comemorávamos o retorno dos primeiros dois mil filhotes ao mar após um levantamento das principais praias de reprodução desses animais em nosso litoral.
Hoje, quase quatro décadas depois, as ações do projeto contribuem para proteger mais de 1.100km de praias e estão presentes em 26 localidades, atuando na pesquisa científica, na proteção e no manejo das cinco espécies de tartarugas marinhas que ocorrem no país, todas ameaçadas de extinção: tartaruga-cabeçuda (Caretta caretta), tartaruga-de-pente (Eretmochelys imbricata), tartaruga-verde (Chelonia mydas), tartaruga-oliva (Lepidochelys olivacea) e tartaruga-de-couro (Dermochelys coriacea). #ProjetoTamar",VIDEO GIF,13/12/19,https://www.instagram.com/p/B6BdKxqHBh5/,INSTAGRAM,ENERGIA
PETROBRAS,"“Como antecipar o que vai acontecer? Eu poderia estar no Direito ou na Marinha. No interior do Paraná ou no sertão do Rio Grande do Norte. O que mais gosto no que escolhi é a curiosidade. Ficar resolvendo problemas. Conversamos muito para chegar em algum lugar, é o ponto alto do dia. Uma coisa é certa: grandes máquinas não podem parar. Falhas de turbinas e compressores têm que ser monitoradas pra avaliarmos o que ocorreu, que aprendizado tirar. Mas e se a gente pudesse prever essas falhas? E se a gente pudesse inventar um jeito das próprias máquinas aprenderem e nos informarem? E se isso já existir mas a gente puder gerar um algoritmo específico e dar mais precisão? E se eu pudesse juntar o que pesquisei com uma oportunidade que surgiu na empresa? Há tensão envolvida. Prazos curtos pra apresentar resultados, mudar a rota se preciso for, e rápido. Aprendemos o tempo todo. É bom porque não nos acomodamos. Não é só teste, é mais responsabilidade. Onde tudo isso vai chegar? Estou curioso”. Leonardo, engenheiro, atua em Transformação Digital, co-working no Rio de Janeiro.

Essa foi a mais uma história da série #Jornadas. São pessoas como o Leonardo que nos inspiram e ajudam a construir a nossa trajetória. #JornadasPetrobras #oilandgaslife",IMAGEM FIXA,05/12/19,https://www.instagram.com/p/B5sx1qXnDh3/,INSTAGRAM,ENERGIA
PETROBRAS,"Com a participação do @projetobaleiajubarte, uma das iniciativas socioambientais que contam com o nosso patrocínio, realizamos o maior trabalho de monitoramento de baleias e golfinhos já realizado no país em termos de extensão. O objetivo: avaliar possíveis impactos das atividades humanas nas diferentes espécies de baleias e golfinhos na costa brasileira. ""Como era esperado para uma campanha de inverno, vimos várias baleias, principalmente baleias-jubarte que vêm para o Brasil nessa época do ano para reproduzir. Também vimos um grupo bem grande com cerca de 300 golfinhos. Quando passamos por eles, não sabíamos que eram tantos, mas suspeitamos que era um grupo grande pois os observadores de ambos os bordos viram. Ficamos felizes"", conta a bióloga Carolina Bezamat, da consultoria Socioambiental, executora do Projeto de Monitoramento de Cetáceos da Bacia de Santos (PMC-BS).",IMAGEM FIXA,25/11/19,https://www.instagram.com/p/B5TbmpSnDHo/,INSTAGRAM,ENERGIA
